-- Insert categories data
INSERT INTO categories (id, name) VALUES
(0, 'Promotions'),
(1, 'Pizza'),
(2, 'Bowls'),
(3, 'Hamburgers'),
(4, 'Salads'),
(5, 'Breakfast'),
(6, 'Drinks'),
(7, 'Soups'),
(8, 'Desserts');

-- Insert selection_groups data
INSERT INTO selection_groups (id, name, type, is_required, min_select, max_select, threshold, display_order) VALUES
(1, 'Pizza Size', 'SINGLE', 1, 1, 1, 0, 1),
(2, 'Crust Type', 'SINGLE', 1, 1, 1, 0, 2),
(3, 'Extra Toppings', 'MULTIPLE', 0, 0, 5, 0, 3),
(4, 'Drink Size', 'SINGLE', 1, 1, 1, 0, 1),
(5, 'Ice Options', 'SINGLE', 0, 0, 1, 0, 2),
(6, 'Drink Options', 'MULTIPLE', 1, 1, 5, 0, 4),
(7, 'Side Options', 'MULTIPLE', 0, 0, 3, 0, 5),
(8, 'Bowl Size', 'SINGLE', 1, 1, 1, 0, 1),
(9, 'Base Choice', 'SINGLE', 1, 1, 1, 0, 2),
(10, 'Protein Choice', 'SINGLE', 1, 1, 1, 0, 3),
(11, 'Vegetable Toppings', 'MULTIPLE', 0, 0, 4, 0, 4),
(12, 'Sauce Choice', 'SINGLE', 1, 1, 1, 0, 5),
(13, 'Burger Size', 'SINGLE', 1, 1, 1, 0, 1),
(14, 'Burger Toppings', 'MULTIPLE', 0, 0, 5, 0, 2),
(15, 'Cooking Preference', 'SINGLE', 1, 1, 1, 0, 3),
(16, 'Salad Size', 'SINGLE', 1, 1, 1, 0, 1),
(17, 'Salad Add-ons', 'MULTIPLE', 0, 0, 3, 0, 2),
(18, 'Dressing Choice', 'SINGLE', 1, 1, 1, 0, 3),
(19, 'Breakfast Sides', 'MULTIPLE', 0, 0, 2, 0, 1),
(20, 'Drink Size', 'SINGLE', 1, 1, 1, 0, 1),
(21, 'Drink Add-ons', 'MULTIPLE', 0, 0, 2, 0, 2),
(22, 'Soup Size', 'SINGLE', 1, 1, 1, 0, 1),
(23, 'Soup Toppings', 'MULTIPLE', 0, 0, 2, 0, 2),
(24, 'Dessert Size', 'SINGLE', 1, 1, 1, 0, 1),
(25, 'Dessert Toppings', 'MULTIPLE', 0, 0, 2, 0, 2),
(26, 'Vegan Ingredients', 'MULTIPLE', 0, 0, 10, 0, 0),
(27, 'Drink Options', 'MULTIPLE', 0, 0, 999, 0, 4),
(28, 'Side Options', 'MULTIPLE', 0, 0, 999, 0, 5),
(34, 'Exclude Ingredients', 'EXCLUSIONS', 0, 0, 999, 0, 2),
(35, 'Sauces', 'MULTIPLE', 0, 0, 5, 2, 4);

-- Insert selection_options data
INSERT INTO selection_options (id, selection_group_id, name, price, display_order) VALUES
(35, 1, 'Small', '0.0', 1),
(36, 1, 'Medium', '2.0', 2),
(37, 1, 'Large', '4.0', 3),
(38, 2, 'Regular', '0.0', 1),
(39, 2, 'Thin', '1.0', 2),
(40, 2, 'Thick', '1.0', 3),
(41, 3, 'Extra Cheese', '1.5', 1),
(42, 3, 'Pepperoni', '2.0', 2),
(43, 3, 'Mushrooms', '1.5', 3),
(44, 3, 'Onions', '1.0', 4),
(45, 3, 'Bell Peppers', '1.5', 5),
(46, 4, 'Small', '0.0', 1),
(47, 4, 'Medium', '1.0', 2),
(48, 4, 'Large', '2.0', 3),
(49, 5, 'No Ice', '0.0', 1),
(50, 5, 'Light Ice', '0.0', 2),
(51, 5, 'Regular Ice', '0.0', 3),
(52, 6, 'Cola', '1', 1),
(53, 6, 'Fanta', '2', 2),
(54, 7, 'French Fries', '2', 1),
(55, 7, 'Onion Rings', '3', 2),
(56, 7, 'Salad', '4', 3),
(57, 8, 'Small', '0.0', 1),
(58, 8, 'Medium', '2.0', 2),
(59, 8, 'Large', '4.0', 3),
(60, 9, 'Brown Rice', '0.0', 1),
(61, 9, 'Quinoa', '1.0', 2),
(62, 9, 'Mixed Greens', '0.0', 3),
(63, 10, 'Grilled Chicken', '2.0', 1),
(64, 10, 'Tofu', '1.0', 2),
(65, 10, 'Salmon', '3.0', 3),
(66, 11, 'Avocado', '1.5', 1),
(67, 11, 'Roasted Vegetables', '1.0', 2),
(68, 11, 'Edamame', '1.0', 3),
(69, 11, 'Corn', '0.5', 4),
(70, 12, 'Teriyaki', '0.0', 1),
(71, 12, 'Miso', '0.0', 2),
(72, 12, 'Spicy Mayo', '0.0', 3),
(73, 13, 'Regular', '0.0', 1),
(74, 13, 'Double', '4.0', 2),
(75, 14, 'Lettuce', '0.0', 1),
(76, 14, 'Tomato', '0.0', 2),
(77, 14, 'Onion', '0.0', 3),
(78, 14, 'Pickles', '0.0', 4),
(79, 14, 'Cheese', '1.0', 5),
(80, 15, 'Medium Rare', '0.0', 1),
(81, 15, 'Medium', '0.0', 2),
(82, 15, 'Well Done', '0.0', 3),
(83, 16, 'Small', '0.0', 1),
(84, 16, 'Medium', '2.0', 2),
(85, 16, 'Large', '4.0', 3),
(86, 17, 'Croutons', '0.5', 1),
(87, 17, 'Bacon Bits', '1.0', 2),
(88, 17, 'Extra Cheese', '1.0', 3),
(89, 18, 'Caesar', '0.0', 1),
(90, 18, 'Ranch', '0.0', 2),
(91, 18, 'Balsamic', '0.0', 3),
(92, 19, 'Hash Browns', '2.0', 1),
(93, 19, 'Fresh Fruit', '2.0', 2),
(94, 20, 'Small', '0.0', 1),
(95, 20, 'Medium', '1.0', 2),
(96, 20, 'Large', '2.0', 3),
(97, 21, 'Extra Ice', '0.0', 1),
(98, 21, 'Lemon', '0.0', 2),
(99, 22, 'Small', '0.0', 1),
(100, 22, 'Medium', '2.0', 2),
(101, 22, 'Large', '4.0', 3),
(102, 23, 'Croutons', '0.5', 1),
(103, 23, 'Cheese', '1.0', 2),
(104, 24, 'Regular', '0.0', 1),
(105, 24, 'Large', '2.0', 2),
(106, 25, 'Whipped Cream', '0.5', 1),
(107, 25, 'Chocolate Sauce', '0.5', 2),
(108, 26, 'Tofu', '2.0', 1),
(109, 26, 'Tempeh', '2.5', 2),
(110, 26, 'Seitan', '3.0', 3),
(111, 26, 'Vegan Cheese', '1.5', 4),
(112, 26, 'Mushrooms', '1.0', 5),
(113, 26, 'Bell Peppers', '0.5', 6),
(114, 26, 'Onions', '0.5', 7),
(115, 26, 'Olives', '1.0', 8),
(116, 26, 'Spinach', '1.0', 9),
(117, 26, 'Artichoke Hearts', '2.0', 10),
(143, 34, 'Mushrooms', '0', 1),
(144, 34, 'Peppers', '0', 2),
(145, 34, 'Onions', '0', 3),
(146, 35, 'BBQ Sauce', '0.5', 1),
(147, 35, 'Garlic Sauce', '0.5', 2),
(148, 35, 'Hot Sauce', '0.5', 3),
(149, 35, 'Sweet Chili Sauce', '0.5', 4),
(150, 35, 'Ranch Sauce', '0.5', 5); 